{"chattanooga": [11.110898757341234, 0.7575194422185514, 6680], "roseburg": [11.671620110412945, 0.38964687027020695, 5868], "colorado_springs": [68.05566970428444, 0.6057977064015989, 11846], "san_bernardino": [124.7119672524014, 1.7076789521644904, 20274], "kalamazoo": [15.448692854560582, 0.5188707226719699, 2572], "orlando": [2242.4188538483004, 0.715074923394909, 230394], "dallas": [97.99828141429364, 0.5851042161410305, 70400], "baton_rouge": [27.268871798477083, 1.1249029483683395, 13788], "burlington": [23.482795805057165, 0.2448722403411469, 2104], "fort_lauderdale": [8.56977131024301, 1.3060107329413668, 4614], "fresno": [12.688125672347663, 1.5830177728514656, 1610], "san_francisco": [37.292684318902886, 1.0146871817166536, 2990], "vegas": [616.6566163537525, 1.5184627991510138, 261222], "thornton": [101.04799400687406, 0.4685132355596912, 4494], "sutherland_springs": [153.89047043192124, 0.6905195435307115, 54100], "parkland": [102.79916326839032, 1.5349152044231689, 64022], "nashville": [149.00512359673897, 1.2427089718817266, 10722], "santa_fe": [46.62742399728563, 1.4225964921959775, 17948], "annapolis": [26.820031529641632, 0.6275603008665935, 7568], "pittsburgh": [44.43417556543802, 0.8425377892642647, 14636], "thousand_oaks": [62.36319620459659, 0.2683090996335774, 23968]}