{"chattanooga": [0.5041566244976159, 0.5002318513569483, 6680], "roseburg": [0.506351950617269, 0.5000435163492187, 5868], "colorado_springs": [0.5119281567793603, 0.500273679788952, 11846], "san_bernardino": [0.5122081524015502, 0.5001323585281712, 20274], "kalamazoo": [0.5132033076395751, 0.5003805827114907, 2572], "orlando": [0.5213037841856143, 0.4999969807649995, 230394], "dallas": [0.5057330259839432, 0.5000570401415704, 70400], "baton_rouge": [0.5074807395240337, 0.5001059255766666, 13788], "burlington": [0.5343870060834456, 0.5007395241130476, 2104], "fort_lauderdale": [0.5038870223053142, 0.5010177873574216, 4614], "fresno": [0.5220387688188095, 0.5017518668495717, 1610], "san_francisco": [0.5163363583416674, 0.5007569626746144, 2990], "vegas": [0.5074400724798995, 0.5000136732607805, 261222], "thornton": [0.528704339348979, 0.50042043125365, 4494], "sutherland_springs": [0.508441479682148, 0.5000336382489174, 54100], "parkland": [0.5061107641469221, 0.5000393683506611, 64022], "nashville": [0.51919073457358, 0.5005076121494078, 10722], "santa_fe": [0.5066570796324961, 0.5001415783942723, 17948], "annapolis": [0.5080880001093693, 0.5001562368589251, 7568], "pittsburgh": [0.5055645599541685, 0.5002778962930026, 14636], "thousand_oaks": [0.5035064915361592, 0.5000852215811294, 23968]}