{"chattanooga": [0.5042603287509407, 0.49970370025521516, 16344.0], "roseburg": [0.5056831028519645, 0.49983809878172747, 9476.0], "colorado_springs": [0.5122951520321022, 0.5000969269245322, 31199.0], "san_bernardino": [0.5119643361662674, 0.499938552523371, 34557.0], "kalamazoo": [0.5124716412099504, 0.4995367484447075, 5391.0], "orlando": [0.5209819301466725, 0.5000069252150336, 645073.0], "dallas": [0.5058484006631053, 0.500005041744344, 112276.0], "baton_rouge": [0.5073211844822761, 0.4999442689822817, 22566.0], "burlington": [0.5331491867156595, 0.4998657898647989, 3931.0], "fort_lauderdale": [0.5041445465204557, 0.49955272847996246, 6414.0], "fresno": [0.5260690247809695, 0.499971059722233, 4852.0], "san_francisco": [0.5136917785759674, 0.500562609973928, 5164.0], "vegas": [0.5074670106339153, 0.4999962842644935, 532763.0], "thornton": [0.5284605078020261, 0.5003014462587487, 7149.0], "sutherland_springs": [0.5082300720621109, 0.4999670036738472, 79361.0], "parkland": [0.5057732602772229, 0.49999630107910176, 139777.0], "nashville": [0.5190773229587333, 0.5000305690386421, 19363.0], "santa_fe": [0.5064836026516788, 0.5001521282773722, 33390.0], "annapolis": [0.5072755105678803, 0.4998492657281387, 14458.0], "pittsburgh": [0.5057867492939747, 0.49995770134009726, 28493.0], "thousand_oaks": [0.503525582313884, 0.4999236916530972, 52530.0]}