{"chattanooga": [0.0012057958928189724, 8.189517298019287e-05, 6680], "roseburg": [0.0014443329674139883, 4.794318986880351e-05, 5868], "colorado_springs": [0.004176905667856745, 3.6921787608709664e-05, 11846], "san_bernardino": [0.004469344663687967, 6.0781730770501674e-05, 20274], "kalamazoo": [0.004357980923689394, 0.00014585373634571014, 2572], "orlando": [0.007102344524476634, 2.2389150811655228e-06, 230394], "dallas": [0.001010262951079512, 5.996760226100089e-06, 70400], "baton_rouge": [0.0014348903823201559, 5.8876396313648386e-05, 13788], "burlington": [0.008193995448550553, 8.421720043088804e-05, 2104], "fort_lauderdale": [0.001343139104312658, 0.00020456505934455561, 4614], "fresno": [0.005754760511544426, 0.0007120727069341881, 1610], "san_francisco": [0.009052967615972152, 0.0002454022684574525, 2990], "vegas": [0.001709596744739657, 4.193238108972248e-06, 261222], "thornton": [0.016431470456792954, 7.52972116449579e-05, 4494], "sutherland_springs": [0.002064109286871846, 9.208274522393615e-06, 54100], "parkland": [0.0011663326413415298, 1.7296087463417644e-05, 64022], "nashville": [0.010084852363973053, 8.368214036348539e-05, 10722], "santa_fe": [0.0018794728122072087, 5.7197310278723885e-05, 17948], "annapolis": [0.0025649442286372875, 5.986316447969758e-05, 7568], "pittsburgh": [0.0021940500859301704, 4.155487682749741e-05, 14636], "thousand_oaks": [0.001880103551087657, 8.077040818972132e-06, 23968]}