{"chattanooga": [0.0012063822953106928, 8.191538657022077e-05, 6680], "roseburg": [0.0014454000458838652, 4.782444355648232e-05, 5868], "colorado_springs": [0.004177957006205301, 3.69279981244339e-05, 11846], "san_bernardino": [0.004469901895725666, 6.078300031784386e-05, 20274], "kalamazoo": [0.0043615559940581175, 0.00014550453078568355, 2572], "orlando": [0.007102424581261437, 2.2388836950971976e-06, 230394], "dallas": [0.0010103521994850304, 5.997274392857984e-06, 70400], "baton_rouge": [0.0014355204397373856, 5.886752345363041e-05, 13788], "burlington": [0.008214715701901186, 8.38832576532697e-05, 2104], "fort_lauderdale": [0.001343823752427521, 0.0002047094573407626, 4614], "fresno": [0.005768206187181817, 0.0007116637871537372, 1610], "san_francisco": [0.009056900236837081, 0.0002454314086374989, 2990], "vegas": [0.0017096192261592375, 4.193256843670917e-06, 261222], "thornton": [0.016436794761566086, 7.52128578942019e-05, 4494], "sutherland_springs": [0.0020642802873507378, 9.207344591749219e-06, 54100], "parkland": [0.0011664317980776167, 1.7295819940082664e-05, 64022], "nashville": [0.010086314832791956, 8.370522745119377e-05, 10722], "santa_fe": [0.0018797535870725057, 5.7197810656069346e-05, 17948], "annapolis": [0.00256612657117027, 5.982307425665089e-05, 7568], "pittsburgh": [0.0021943667681291468, 4.1558586260172343e-05, 14636], "thousand_oaks": [0.0018802401778087799, 8.073269999883073e-06, 23968]}