{"chattanooga": [0.5053320427374536, 0.5002277865720743], "roseburg": [0.5057613781433866, 0.500103106993908], "colorado_springs": [0.5118581532377584, 0.5002583029978775], "san_bernardino": [0.5102852414051445, 0.5000587843317084], "kalamazoo": [0.5097602885924468, 0.5008351390342298], "orlando": [0.5163684659377857, 0.5000097078306975], "dallas": [0.5050912458412263, 0.5000087861429012], "baton_rouge": [0.5064470411949592, 0.5002381823385508], "burlington": [0.5390469372857603, 0.5000167703862323], "fort_lauderdale": [0.5036852819819639, 0.500779273821838], "fresno": [0.5207673824587068, 0.503619575837872], "san_francisco": [0.5155116256878935, 0.5010139242583322], "vegas": [0.5060281334794524, 0.5000057721131895], "thornton": [0.5279348479109415, 0.5012813308341522], "sutherland_springs": [0.5073279367284066, 0.500070058052216], "parkland": [0.5050733948906325, 0.5000397308063643], "nashville": [0.5173211848841471, 0.5001616317422365], "santa_fe": [0.5050628080846231, 0.5001861669723096], "annapolis": [0.5081373331496077, 0.5003448776262861], "pittsburgh": [0.5050966256205923, 0.5001264098723817], "thousand_oaks": [0.5032282274532404, 0.5001729108660485]}