{"chattanooga": [0.5037805777373499, 0.4998512690673438, 6680], "roseburg": [0.5059061196244306, 0.4995833218148176, 5868], "colorado_springs": [0.5117321889319906, 0.5000732685496623, 11846], "san_bernardino": [0.5120919950362204, 0.5000136331778404, 20274], "kalamazoo": [0.5121958137530276, 0.4993487763069492, 2572], "orlando": [0.5212963344356989, 0.4999892270175549, 230394], "dallas": [0.5056985453051013, 0.5000218939861736, 70400], "baton_rouge": [0.5072937981110586, 0.4999149420647181, 13788], "burlington": [0.5332239512292812, 0.49946468940069605, 2104], "fort_lauderdale": [0.503298269770651, 0.5003734793585795, 4614], "fresno": [0.5203759585006017, 0.4999669236738363, 1610], "san_francisco": [0.5153628254817844, 0.49975455201971053, 2990], "vegas": [0.5074327336649556, 0.500006231673186, 261222], "thornton": [0.5280558564430662, 0.4997544882059589, 4494], "sutherland_springs": [0.5083959990966842, 0.49998710233818466, 54100], "parkland": [0.5060768430430576, 0.5000042226742688, 64022], "nashville": [0.518952181014721, 0.5002587968835424, 10722], "santa_fe": [0.5065109382131388, 0.4999934499023115, 17948], "annapolis": [0.507721176756533, 0.49978425470554855, 7568], "pittsburgh": [0.5053926151928188, 0.5001021900002621, 14636], "thousand_oaks": [0.5033957034591582, 0.4999732601761844, 23968]}