{"chattanooga": [0.5054783103017441, 0.5001198109265127], "roseburg": [0.5055137128696409, 0.500242502962715], "colorado_springs": [0.5103724147487553, 0.5002818429303804], "san_bernardino": [0.5102908010886095, 0.5001830739862124], "kalamazoo": [0.5103605802221048, 0.5012735480407736], "orlando": [0.5165767329759532, 0.5000046065306359], "dallas": [0.504979774744341, 0.5000660910870873], "baton_rouge": [0.5066197167965778, 0.5002533622836792], "burlington": [0.5327816007371147, 0.5011866111905607], "fort_lauderdale": [0.504254130273083, 0.5012484259518741], "fresno": [0.5218993567561124, 0.5005142542791627], "san_francisco": [0.5169083834149127, 0.5032680384684923], "vegas": [0.5059903750407536, 0.5000017999582703], "thornton": [0.5294259085085343, 0.5013527887616733], "sutherland_springs": [0.5077173996164229, 0.5000115416768685], "parkland": [0.5049155554897449, 0.5000827128251716], "nashville": [0.5161919480692629, 0.5000887558151222], "santa_fe": [0.5049426911238525, 0.500186088012248], "annapolis": [0.5080998485675525, 0.5002057899205831], "pittsburgh": [0.5059430353464442, 0.5000832758672509], "thousand_oaks": [0.5033208668049756, 0.5000922498012017]}