{"chattanooga": [11.117978565351402, 0.757821703531773, 6680], "roseburg": [11.682074721497287, 0.38874914434945446, 5868], "colorado_springs": [68.07837172405706, 0.6059511481083234, 11846], "san_bernardino": [124.73364167324797, 1.707798969611332, 20274], "kalamazoo": [15.46743031308447, 0.5178347050764868, 2572], "orlando": [2242.4537126055056, 0.7150680033993133, 230394], "dallas": [98.00831930308664, 0.5851627122297048, 70400], "baton_rouge": [27.282774888392428, 1.1248152058366305, 13788], "burlington": [23.553081501762758, 0.24401855679906945, 2104], "fort_lauderdale": [8.57595782612532, 1.3072213301270312, 4614], "fresno": [12.725628531969107, 1.583117425563552, 1610], "san_francisco": [37.321368473532594, 1.0151473939628493, 2990], "vegas": [616.6670993845698, 1.5184753968650777, 261222], "thornton": [101.10303651220467, 0.4680958561844146, 4494], "sutherland_springs": [153.90601653004242, 0.6904625800746118, 54100], "parkland": [102.80940804789444, 1.534915461347201, 64022], "nashville": [149.0404346559376, 1.2431688366257068, 10722], "santa_fe": [46.636986967292295, 1.42268858002992, 17948], "annapolis": [26.83593497881602, 0.627223152503412, 7568], "pittsburgh": [44.44360946746328, 0.8426708004747259, 14636], "thousand_oaks": [62.370323853236485, 0.26819509025931804, 23968]}