{"chattanooga": [18.418852707614167, 0.5533526943774489, 16344.0], "roseburg": [13.202848292270778, 0.1806875836151568, 9476.0], "colorado_springs": [95.74641303557597, 0.6398567463873391, 31199.0], "san_bernardino": [123.22352640839485, 0.8788357229022278, 34557.0], "kalamazoo": [18.067512038894098, 0.17744435430524694, 5391.0], "orlando": [2569.997773989542, 1.5238337158898823, 645073.0], "dallas": [115.70182665642032, 2.5661378076704535, 112276.0], "baton_rouge": [30.85174079238825, 0.8168010208195602, 22566.0], "burlington": [30.41008001301301, 1.0822259959436895, 3931.0], "fort_lauderdale": [10.657961873526324, 0.8427515935122609, 6414.0], "fresno": [29.664516056661096, 0.5080964378421002, 4852.0], "san_francisco": [40.132621288575564, 2.6321880412246226, 5164.0], "vegas": [669.5280104872634, 1.469635243775267, 532763.0], "thornton": [122.363313266114, 1.486725332895164, 7149.0], "sutherland_springs": [159.30965464137398, 0.41774342407289894, 79361.0], "parkland": [126.45820987701197, 0.6414210137375735, 139777.0], "nashville": [184.4482906994334, 1.922356583086342, 19363.0], "santa_fe": [59.33139780791364, 1.095697904681516, 33390.0], "annapolis": [32.913248803858025, 0.8602645974720428, 14458.0], "pittsburgh": [57.52602557778966, 0.7352187262263898, 28493.0], "thousand_oaks": [72.64003473693604, 3.2665224965363615, 52530.0]}