{"chattanooga": [15.14825526171818, 0.9321066002996757, 20709.0], "roseburg": [8.1103725471843, 0.8945289733629231, 11505.0], "colorado_springs": [36.136406361348904, 1.5599185869556091, 39719.0], "san_bernardino": [30.427627091794626, 0.9505571621983497, 45819.0], "kalamazoo": [8.604855158972034, 1.004523750925203, 6807.0], "orlando": [435.1066730943088, 1.0429347633901023, 872022.0], "dallas": [72.55318186493906, 0.8102458030429175, 144205.0], "baton_rouge": [17.697216408874233, 1.0663064628498264, 29015.0], "burlington": [16.17667612016933, 1.1265292447106583, 4993.0], "fort_lauderdale": [4.8961707189231545, 0.9637399233751659, 7194.0], "fresno": [15.325320346761448, 1.0736254119384618, 6128.0], "san_francisco": [10.472374764356115, 1.0514033316401519, 6627.0], "vegas": [227.6337377081399, 1.027437274329812, 726739.0], "thornton": [20.333350832128712, 1.0591261392546452, 9170.0], "sutherland_springs": [104.25270003216413, 1.0793734585079795, 106220.0], "parkland": [96.00214110211772, 0.9406121666251732, 186570.0], "nashville": [29.89702127701899, 0.6950049343556891, 24326.0], "santa_fe": [23.338713171745557, 0.9110906430503791, 42968.0], "annapolis": [13.388367122339464, 0.9038515008244774, 18468.0], "pittsburgh": [40.51148823142395, 1.1981777171015062, 36920.0], "thousand_oaks": [54.445298617898395, 0.9563442696797702, 62812.0]}