{"6": 0.8892922175649467, "7": 0.8985423328117205, "8": 0.9057305316114763, "9": 0.9111216351102677, "10": 0.9141482070915743}