{"chattanooga": [0.0012795238814741709, 3.7622274481817605e-05, 16344.0], "roseburg": [0.0013805474964898514, 1.9055455640647624e-05, 9476.0], "colorado_springs": [0.0035296379484238975, 2.3955531069028472e-05, 31199.0], "san_bernardino": [0.004310713891841383, 3.0472231426497644e-05, 34557.0], "kalamazoo": [0.00344698402120482, 3.3885440335013154e-05, 5391.0], "orlando": [0.006490036600804976, 3.877901772110055e-06, 645073.0], "dallas": [0.0011229905609213343, 2.4665257608549494e-05, 112276.0], "baton_rouge": [0.001386197713537735, 3.662575910394677e-05, 22566.0], "burlington": [0.008125869739163733, 0.0002807929920569713, 3931.0], "fort_lauderdale": [0.0014367511056865491, 0.00011353623417093902, 6414.0], "fresno": [0.005769154286267056, 9.664914545048164e-05, 4852.0], "san_francisco": [0.006986795512298389, 0.00045341350698280215, 5164.0], "vegas": [0.0018410873771102826, 4.025083254535106e-06, 532763.0], "thornton": [0.01546134854708374, 0.00018805964177292614, 7149.0], "sutherland_springs": [0.002063042716779441, 5.388928127951859e-06, 79361.0], "parkland": [0.001070940802423423, 5.504519817498282e-06, 139777.0], "nashville": [0.00915090724895712, 9.589807526006734e-05, 19363.0], "santa_fe": [0.001738947541990035, 3.2076709673370175e-05, 33390.0], "annapolis": [0.0022578523174019436, 5.867146029643418e-05, 14458.0], "pittsburgh": [0.00216822169284354, 2.7758209483439026e-05, 28493.0], "thousand_oaks": [0.001556645292155111, 6.93122434301901e-05, 52530.0]}