{"chattanooga": [0.0009555245720002883, 5.3954180404988906e-05, 20709.0], "roseburg": [0.0007453478863541405, 8.13475438484663e-05, 11505.0], "colorado_springs": [0.0011815971448996595, 4.9440986934684626e-05, 39719.0], "san_bernardino": [0.0008820795609274312, 2.6922137608792976e-05, 45819.0], "kalamazoo": [0.0013817579447823964, 0.00016227545033484477, 6807.0], "orlando": [0.0009264649894394262, 2.235258637334659e-06, 872022.0], "dallas": [0.0005980955802530897, 6.531502507617308e-06, 144205.0], "baton_rouge": [0.0006700647988242719, 3.9470854063135934e-05, 29015.0], "burlington": [0.003981861260475768, 0.0002443162691225127, 4993.0], "fort_lauderdale": [0.0006061244409696672, 0.00011766757395142695, 7194.0], "fresno": [0.002770858977072982, 0.00017267840001913978, 6128.0], "san_francisco": [0.0015194344485132646, 0.00014847971017314623, 6627.0], "vegas": [0.0005341642002432227, 2.3532785266959216e-06, 726739.0], "thornton": [0.0022189856479338244, 0.00011064714002111218, 9170.0], "sutherland_springs": [0.0011018248770064793, 1.1212381985875858e-05, 106220.0], "parkland": [0.0006788380084005109, 6.532080558037739e-06, 186570.0], "nashville": [0.0012592293993116525, 2.8980866378289393e-05, 24326.0], "santa_fe": [0.0005671623070677142, 2.162945683341061e-05, 42968.0], "annapolis": [0.0007659413076663561, 5.0378957257929104e-05, 18468.0], "pittsburgh": [0.001271240567382062, 3.671767148190024e-05, 36920.0], "thousand_oaks": [0.000998360025068714, 1.7229946058233175e-05, 62812.0]}