{"chattanooga": [0.0009560855727723129, 5.399180453452557e-05, 20709.0], "roseburg": [0.0007450226313730231, 8.139994776044333e-05, 11505.0], "colorado_springs": [0.0011814562409569506, 4.9274066370403635e-05, 39719.0], "san_bernardino": [0.0008820769190948552, 2.6922309915643323e-05, 45819.0], "kalamazoo": [0.0013800123922467695, 0.00016214882766685428, 6807.0], "orlando": [0.000926456255382885, 2.2350058358636685e-06, 872022.0], "dallas": [0.0005981039612177328, 6.531595273739693e-06, 144205.0], "baton_rouge": [0.0006702066370764226, 3.94650862153959e-05, 29015.0], "burlington": [0.003984889011348087, 0.00024306029074803176, 4993.0], "fort_lauderdale": [0.0006067248355377284, 0.00011733417868643479, 7194.0], "fresno": [0.0027786183462169566, 0.0001711972265266403, 6128.0], "san_francisco": [0.0015196940584313555, 0.00014854422526674373, 6627.0], "vegas": [0.0005341634584388619, 2.353274658987134e-06, 726739.0], "thornton": [0.0022198108593613464, 0.00011058782458687638, 9170.0], "sutherland_springs": [0.0011017548029298289, 1.1210519041310999e-05, 106220.0], "parkland": [0.0006788003007445875, 6.529290394697661e-06, 186570.0], "nashville": [0.0012607257115270262, 2.8955265017917347e-05, 24326.0], "santa_fe": [0.000566918024291805, 2.163396597396619e-05, 42968.0], "annapolis": [0.0007658581981047423, 5.0523639854851616e-05, 18468.0], "pittsburgh": [0.0012708928488647372, 3.6784190311803675e-05, 36920.0], "thousand_oaks": [0.0009982246801295783, 1.7228511089540388e-05, 62812.0]}