{"chattanooga": [0.0012791104672192203, 3.765399614118867e-05, 16344.0], "roseburg": [0.0013789287862343259, 1.9059948147812787e-05, 9476.0], "colorado_springs": [0.0035271009074402345, 2.370854747796597e-05, 31199.0], "san_bernardino": [0.004310931454263675, 3.0476054648716268e-05, 34557.0], "kalamazoo": [0.0034407592178932207, 3.3645572422954605e-05, 5391.0], "orlando": [0.006490092254134127, 3.87955389534416e-06, 645073.0], "dallas": [0.0011230119024030424, 2.4650902850354462e-05, 112276.0], "baton_rouge": [0.0013861587194875288, 3.674160918047266e-05, 22566.0], "burlington": [0.008132587620561576, 0.0002841182029748539, 3931.0], "fort_lauderdale": [0.001432720605340377, 0.00011199902564062635, 6414.0], "fresno": [0.005742732527577464, 9.231496836860974e-05, 4852.0], "san_francisco": [0.006998503682553429, 0.0004508936739085752, 5164.0], "vegas": [0.0018410938094808645, 4.025176923476376e-06, 532763.0], "thornton": [0.015463718646938738, 0.00018686902734005079, 7149.0], "sutherland_springs": [0.002063044971775271, 5.390801639607261e-06, 79361.0], "parkland": [0.0010706428430820834, 5.5299913837034145e-06, 139777.0], "nashville": [0.009147238563227616, 9.54106152716307e-05, 19363.0], "santa_fe": [0.001738510912110648, 3.213879399249263e-05, 33390.0], "annapolis": [0.0022585355919036293, 5.881643282593751e-05, 14458.0], "pittsburgh": [0.0021700732927738145, 2.7854199351204186e-05, 28493.0], "thousand_oaks": [0.0015577543347771443, 6.907518622340163e-05, 52530.0]}