{"chattanooga": [0.0011533817768064317, 9.749230036578196e-05, 7936], "roseburg": [0.0008223628907265718, 0.000124953874790249, 6856], "colorado_springs": [0.001543244823415565, 4.234387390411896e-05, 14328], "san_bernardino": [0.0010539874892618846, 2.7443204648065253e-05, 25102], "kalamazoo": [0.0015015741990592121, 0.0002803575384103698, 3090], "orlando": [0.001062712733527517, 2.7499956631451014e-06, 273672], "dallas": [0.0006279712652841801, 8.454790838193157e-06, 84502], "baton_rouge": [0.0007468778561945904, 4.7282635647272095e-05, 16830], "burlington": [0.003600650514674256, 0.00043476493533872853, 2476], "fort_lauderdale": [0.0005592510634059759, 9.814304282398943e-05, 5196], "fresno": [0.0034900237165415827, 0.0004534414271669684, 1946], "san_francisco": [0.0018773160946097874, 0.00025166929331654964, 3682], "vegas": [0.0005901567917301589, 2.39304814674486e-06, 312968], "thornton": [0.00234777102176627, 0.00014613949671825075, 5444], "sutherland_springs": [0.0012765009192876834, 1.1809531829673223e-05, 66712], "parkland": [0.0008402087348810481, 8.257472019502476e-06, 79052], "nashville": [0.0013112018089864918, 8.20018256836601e-05, 12900], "santa_fe": [0.0007235665023353969, 3.545566715491716e-05, 21856], "annapolis": [0.0008710654311937162, 0.00010322689439307934, 9220], "pittsburgh": [0.0011886174544993272, 4.5406328429464755e-05, 17482], "thousand_oaks": [0.0012203294547151432, 2.8083347022421495e-05, 27858]}