{"chattanooga": [0.5294638199654917, 0.5002155192593459], "roseburg": [0.520390143947377, 0.5002565750125013], "colorado_springs": [0.5314131689676085, 0.5001155183090955], "san_bernardino": [0.5256705900283275, 0.500106956913966], "kalamazoo": [0.5173837530371129, 0.49992408409278327], "orlando": [0.5400774918674307, 0.49997557985212915], "dallas": [0.5244405606511543, 0.5000031956994109], "baton_rouge": [0.5226790646401682, 0.5004833715807988], "burlington": [0.5426299382339599, 0.4996351445900885], "fort_lauderdale": [0.5083708385322097, 0.4996676882708333], "fresno": [0.5339010480544653, 0.5013107777613233], "san_francisco": [0.5280423109890351, 0.499503536101204], "vegas": [0.5336088996518991, 0.5000010453393174], "thornton": [0.5344971685958454, 0.4997347338999826], "sutherland_springs": [0.5336377215033101, 0.4999895728462476], "parkland": [0.5298502385065766, 0.49999003133912934], "nashville": [0.5219142571037132, 0.5000196501538674], "santa_fe": [0.5225468505230018, 0.500043725734683], "annapolis": [0.521485278110507, 0.49998194860748435], "pittsburgh": [0.5457652908860128, 0.5001706405132925], "thousand_oaks": [0.539965241608299, 0.500058576286293]}