{"chattanooga": [12.213577368582094, 1.061598785845332, 7936], "roseburg": [7.548639504217113, 1.1752947063945665, 6856], "colorado_springs": [29.853004402345185, 0.8356595291122533, 14328], "san_bernardino": [35.72884746086406, 0.9495780667897817, 25102], "kalamazoo": [6.231736163108041, 1.1732499087904187, 3090], "orlando": [389.5066931730621, 1.037576854160665, 273672], "dallas": [71.89261643442022, 0.9864775437251692, 84502], "baton_rouge": [17.0088825708942, 1.0956743663866186, 16830], "burlington": [11.54377280314846, 1.4574767728313809, 2476], "fort_lauderdale": [3.9498950808976203, 0.7004398325540138, 5196], "fresno": [9.013325219506918, 1.2022558912422392, 1946], "san_francisco": [9.181790869967129, 1.254690525760668, 3682], "vegas": [249.76380667237328, 1.0348446578075063, 312968], "thornton": [16.893531177544823, 1.0700377911159666, 5444], "sutherland_springs": [115.95185523890774, 1.0898133108412424, 66712], "parkland": [90.16500012428506, 0.9024037418521591, 79052], "nashville": [23.049005885879467, 1.4615689478931837, 12900], "santa_fe": [21.48195092493149, 1.0699101324203149, 21856], "annapolis": [10.812523059707306, 1.3093162900210598, 9220], "pittsburgh": [26.229001510118625, 1.0955033777520833, 17482], "thousand_oaks": [45.646609453025064, 1.0784661585264321, 27858]}