{"chattanooga": [0.0011480739602697278, 9.744745923498206e-05, 7936], "roseburg": [0.0008179453116276395, 0.00012503938880222698, 6856], "colorado_springs": [0.0015399806386581262, 4.232863133104781e-05, 14328], "san_bernardino": [0.001052402699043696, 2.746158458186296e-05, 25102], "kalamazoo": [0.0014957736596933526, 0.0002798087865688836, 3090], "orlando": [0.0010625094704018899, 2.7496696485964596e-06, 273672], "dallas": [0.0006275743598625059, 8.454257443274537e-06, 84502], "baton_rouge": [0.0007448636408068614, 4.730664254786082e-05, 16830], "burlington": [0.0035746994892572282, 0.0004350929853200411, 2476], "fort_lauderdale": [0.0005564229304878191, 9.822145859587592e-05, 5196], "fresno": [0.0034677778946467256, 0.000452253792234251, 1946], "san_francisco": [0.001866445755038225, 0.0002522534109660263, 3682], "vegas": [0.0005900102852690241, 2.3929857793773443e-06, 312968], "thornton": [0.0023402665203158804, 0.00014562509296506553, 5444], "sutherland_springs": [0.0012757831399612973, 1.180981068564232e-05, 66712], "parkland": [0.0008396209290055163, 8.257282992468869e-06, 79052], "nashville": [0.0013088620298026491, 8.196697925917925e-05, 12900], "santa_fe": [0.0007220936268294528, 3.546268227786663e-05, 21856], "annapolis": [0.0008673341072469745, 0.00010318299861475457, 9220], "pittsburgh": [0.0011848128207015342, 4.53652743429794e-05, 17482], "thousand_oaks": [0.0012181100937766216, 2.8054884271929984e-05, 27858]}