{"chattanooga": [0.5288412698020385, 0.5001569174856895, 20709.0], "roseburg": [0.5214235479716729, 0.5001444281485998, 11505.0], "colorado_springs": [0.5318776593700016, 0.4999725585985304, 39719.0], "san_bernardino": [0.5267210005032517, 0.4998466930959512, 45819.0], "kalamazoo": [0.5173273082915495, 0.49997984880295543, 6807.0], "orlando": [0.543508396131252, 0.49996899641941306, 872022.0], "dallas": [0.5234671443830201, 0.49993045207292125, 144205.0], "baton_rouge": [0.5216681815768847, 0.4999089424159002, 29015.0], "burlington": [0.546722076519693, 0.5002165491481227, 4993.0], "fort_lauderdale": [0.5094068845066269, 0.4999476474900381, 7194.0], "fresno": [0.5334999709300579, 0.5006020602577341, 6128.0], "san_francisco": [0.5264916172770852, 0.5006333218762892, 6627.0], "vegas": [0.5345086941243271, 0.5000245803822903, 726739.0], "thornton": [0.5321903460366333, 0.49975868446869065, 9170.0], "sutherland_springs": [0.5326340852473339, 0.500091012344345, 106220.0], "parkland": [0.5316992787444648, 0.4999980804929934, 186570.0], "nashville": [0.5220663061010129, 0.4999373718507838, 24326.0], "santa_fe": [0.5220004940470466, 0.4999855464511157, 42968.0], "annapolis": [0.5228215514732866, 0.5000090021351016, 18468.0], "pittsburgh": [0.5442076516262034, 0.5000285874938941, 36920.0], "thousand_oaks": [0.5412895346943193, 0.4999954027473782, 62812.0]}