{"chattanooga": [12.157422642985518, 1.0608584981027067, 7936], "roseburg": [7.507931049359016, 1.1758317440296677, 6856], "colorado_springs": [29.789123758329822, 0.8352258715210161, 14328], "san_bernardino": [35.67543485834538, 0.9501356538362578, 25102], "kalamazoo": [6.205443915763258, 1.1704159001473358, 3090], "orlando": [389.4338996601237, 1.0373991175279222, 273672], "dallas": [71.84772228328609, 0.9863655585802835, 84502], "baton_rouge": [16.963446920017677, 1.0960896305014525, 16830], "burlington": [11.456725421522934, 1.4578414710022798, 2476], "fort_lauderdale": [3.9295140754165745, 0.7008149821055696, 5196], "fresno": [8.951332188870321, 1.1983611882243337, 1946], "san_francisco": [9.126734920614151, 1.257053043219113, 3682], "vegas": [249.70343453365848, 1.034786040146328, 312968], "thornton": [16.836880029200856, 1.0660518020388237, 5444], "sutherland_springs": [115.88738851134715, 1.0898005458261173, 66712], "parkland": [90.10309347786497, 0.9023370718571809, 79052], "nashville": [23.006933449997618, 1.4607848242701293, 12900], "santa_fe": [21.438150342816037, 1.0699867891364052, 21856], "annapolis": [10.766169059605701, 1.3085524010868799, 9220], "pittsburgh": [26.14573879420885, 1.0944067393517252, 17482], "thousand_oaks": [45.56582548093567, 1.077272841212575, 27858]}