{"chattanooga": [0.5349313815686576, 0.5061917370033753, 7936], "roseburg": [0.5248934275454792, 0.5048352291684433, 6856], "colorado_springs": [0.5364169925404905, 0.503915105707248, 14328], "san_bernardino": [0.5298171438716376, 0.502844927956561, 25102], "kalamazoo": [0.5239338009553547, 0.5081052187755272, 3090], "orlando": [0.5458638921495607, 0.5024253345300127, 273672], "dallas": [0.5255490761555723, 0.5023575100070824, 84502], "baton_rouge": [0.5255701239636117, 0.5035381409138509, 16830], "burlington": [0.552177327396615, 0.5064288491843507, 2476], "fort_lauderdale": [0.5132441708930928, 0.5036531895093521, 5196], "fresno": [0.5409544099465268, 0.5099033340274854, 1946], "san_francisco": [0.5346904083647477, 0.506144311868243, 3682], "vegas": [0.5361416078577496, 0.5018110461410422, 312968], "thornton": [0.5371561446444924, 0.5074552449173931, 5444], "sutherland_springs": [0.5343955299844024, 0.501958290473586, 66712], "parkland": [0.5335867323457562, 0.5022766191714982, 79052], "nashville": [0.5248314442754403, 0.5036180191346347, 12900], "santa_fe": [0.5257765165916692, 0.5038470391838592, 21856], "annapolis": [0.5267509189318786, 0.5043508693247105, 9220], "pittsburgh": [0.5476003099158335, 0.5041563943469876, 17482], "thousand_oaks": [0.5445372967937381, 0.5043106476867436, 27858]}