{"chattanooga": [0.5294628490159202, 0.5003127641783938, 7936], "roseburg": [0.520502506584182, 0.5001538373486708, 6856], "colorado_springs": [0.5329506545944693, 0.5000732099767873, 14328], "san_bernardino": [0.5269560772960638, 0.4997483661827503, 25102], "kalamazoo": [0.5170375413741507, 0.5009256041916639, 3090], "orlando": [0.5437543105485562, 0.499967953718083, 273672], "dallas": [0.5233614913993525, 0.4999987682177227, 84502], "baton_rouge": [0.5222575665941277, 0.4999584776805629, 16830], "burlington": [0.5462177887077846, 0.49959883318998943, 2476], "fort_lauderdale": [0.5093344938811313, 0.49960141396729735, 5196], "fresno": [0.5331605805573506, 0.501395481709124, 1946], "san_francisco": [0.5283947171153804, 0.49934795049278996, 3682], "vegas": [0.5345402598888443, 0.5000075449088667, 312968], "thornton": [0.5317816681891072, 0.5017350981842561, 5444], "sutherland_springs": [0.5326063494605294, 0.49997157588790586, 66712], "parkland": [0.5315171624376807, 0.49995558692349473, 79052], "nashville": [0.5216216981675883, 0.5001540906638883, 12900], "santa_fe": [0.5222643524166419, 0.500057282372609, 21856], "annapolis": [0.5227179582264171, 0.5000239866496952, 9220], "pittsburgh": [0.5442923108314375, 0.5003699318959363, 17482], "thousand_oaks": [0.5408582553163287, 0.5001597930616108, 27858]}