{"6": 0.8570549541504214, "7": 0.8934908518201854, "8": 0.8896062865273132, "9": 0.9026174113738805, "10": 0.9019866446686737}