{"6": 0.9882075471698114, "7": 0.9904010970174837, "8": 0.9909245604083948, "9": 0.9915789473684211, "10": 0.9930232558139535}