model,kval,accuracy,n,se
MALLET,0,0.3126315789473684,950,0.02947850664149236
OURS,0,0.4946004319654428,926,0.032202920277025905
BTM,0,0.4650924024640657,974,0.031324604668365286
