model,kval,accuracy,n,se
CND,0,0.7175438596491228,570,0.03695884408379429
BTM,0,0.6121794871794872,624,0.03823125470409999
LDA,0,0.5973597359735974,606,0.03904777871932959
