{"chattanooga": [0.5027076775696184, 0.5000274361128278], "roseburg": [0.5071010625193904, 0.5001902863302266], "colorado_springs": [0.5085340745125254, 0.5001895278072948], "san_bernardino": [0.5086704367122306, 0.500059968345192], "kalamazoo": [0.5077196060938863, 0.5003529028418088], "orlando": [0.5154768311736526, 0.5000241242600948], "dallas": [0.5052160828600692, 0.5000247996662693], "baton_rouge": [0.5051671959597724, 0.500059601767105], "burlington": [0.528476090803955, 0.5011217278476489], "fort_lauderdale": [0.503831145332544, 0.5004967543916681], "fresno": [0.5234929295273343, 0.5006749619370634], "san_francisco": [0.5120770163128845, 0.5005482082827862], "vegas": [0.5044848528420023, 0.5000046525873236], "thornton": [0.5315054223087107, 0.5002882125590284], "sutherland_springs": [0.5056141236827915, 0.5000105971859697], "parkland": [0.5045499549623069, 0.5000640362370662], "nashville": [0.5148321630196157, 0.5002813566320344], "santa_fe": [0.5031872006362422, 0.5001347010884635], "annapolis": [0.5062757411774681, 0.50024143154457], "pittsburgh": [0.5022719235592922, 0.5001165731961292], "thousand_oaks": [0.5063736713790166, 0.5002572572808948]}