{"chattanooga": [0.5033928508959186, 0.5004258189645209], "roseburg": [0.506696330411665, 0.5002733639781292], "colorado_springs": [0.5079385851149236, 0.5000058658227129], "san_bernardino": [0.5080433072474355, 0.5001382826493331], "kalamazoo": [0.5055743121025875, 0.5005566676054904], "orlando": [0.512717955148432, 0.5000008978855679], "dallas": [0.5034523730178585, 0.5000130121558024], "baton_rouge": [0.5036130206339537, 0.500060679680614], "burlington": [0.5311782351066481, 0.5001159222168472], "fort_lauderdale": [0.503684033919173, 0.500281291691465], "fresno": [0.5215562140917764, 0.5007565069604869], "san_francisco": [0.5091953349202769, 0.5002140199151823], "vegas": [0.5043743484064357, 0.5000003084515925], "thornton": [0.5242114641928034, 0.5001180118370464], "sutherland_springs": [0.5044774411822615, 0.5000050180878018], "parkland": [0.5053605523983183, 0.5000111464802818], "nashville": [0.5122874203352876, 0.5000887880565357], "santa_fe": [0.5029164095039693, 0.5000801016758645], "annapolis": [0.506051498975909, 0.5002158876163249], "pittsburgh": [0.5018452384657837, 0.5002129944635721], "thousand_oaks": [0.5072457702291425, 0.500085065282701]}