{"chattanooga": [0.5033521484885621, 0.500306241424966], "roseburg": [0.5051849835199337, 0.5004628122929815], "colorado_springs": [0.5080251244093965, 0.5000931171027277], "san_bernardino": [0.5095405302267155, 0.500138767660317], "kalamazoo": [0.5074488671437594, 0.500157037748889], "orlando": [0.5132708448758351, 0.5000091717350487], "dallas": [0.5033308811809939, 0.5000311493398358], "baton_rouge": [0.5036389375514649, 0.50011717156192], "burlington": [0.5374577354082511, 0.5012710586036316], "fort_lauderdale": [0.5049405685918203, 0.5002378946144349], "fresno": [0.5187300228829701, 0.5006798485873019], "san_francisco": [0.5112465268117624, 0.5006045858535481], "vegas": [0.5048830518050476, 0.5000104867460403], "thornton": [0.519972073620258, 0.5002418124294387], "sutherland_springs": [0.5052963000940609, 0.5000317959428013], "parkland": [0.5043644090355482, 0.5000180667054741], "nashville": [0.5147938754838289, 0.5001388332775729], "santa_fe": [0.5036109615314538, 0.5000778800684914], "annapolis": [0.5064492552280885, 0.5003091264879873], "pittsburgh": [0.5031946453432533, 0.500022216019527], "thousand_oaks": [0.5065312979187699, 0.5000608406801759]}