{"chattanooga": [0.5032741291542088, 0.5001397351666302], "roseburg": [0.5060372319423466, 0.5000705160957654], "colorado_springs": [0.508760149422125, 0.5002841440393067], "san_bernardino": [0.5084147081270733, 0.5001536375727252], "kalamazoo": [0.5060913815666179, 0.500168231697822], "orlando": [0.5127349588718945, 0.5000087566350665], "dallas": [0.5038567467871141, 0.5000290146694263], "baton_rouge": [0.5038581323071539, 0.5001892590757608], "burlington": [0.5293138047647331, 0.5006613086932001], "fort_lauderdale": [0.503649447351885, 0.5006647250784526], "fresno": [0.5174781177689248, 0.500543240589411], "san_francisco": [0.5064354010582467, 0.5003679355240269], "vegas": [0.5045839632200187, 0.5000033252283436], "thornton": [0.523099806537006, 0.5002004145874418], "sutherland_springs": [0.5053587048263459, 0.5000526031156043], "parkland": [0.5054490459760369, 0.5000171985131064], "nashville": [0.5116834274998319, 0.5000463959309757], "santa_fe": [0.5026974088297913, 0.5000646048700271], "annapolis": [0.505654418302703, 0.5001203526578485], "pittsburgh": [0.5028126230929726, 0.5000696030011104], "thousand_oaks": [0.5070808752886047, 0.5000916996077724]}
