{"chattanooga": [0.5049276426637826, 0.5005613812342685], "roseburg": [0.5056320935609537, 0.5001777052863028], "colorado_springs": [0.5097707998618758, 0.5002399558357251], "san_bernardino": [0.5097844485942781, 0.5001015166176849], "kalamazoo": [0.5085330467449762, 0.5003868660777078], "orlando": [0.5167076406939671, 0.5000183257152856], "dallas": [0.5043426895421192, 0.500026490151251], "baton_rouge": [0.5059825157792841, 0.5000599343970558], "burlington": [0.5351559029386718, 0.501075936907092], "fort_lauderdale": [0.5038366105157243, 0.5004994000148918], "fresno": [0.5173411230280901, 0.5009823433768589], "san_francisco": [0.5118741507139005, 0.5005521484815195], "vegas": [0.5061164999307763, 0.5000039301249098], "thornton": [0.5246502313150381, 0.5001976269175487], "sutherland_springs": [0.506815014992756, 0.5000761950564456], "parkland": [0.504629088928972, 0.5000190515084124], "nashville": [0.5187267932261007, 0.5001601967211932], "santa_fe": [0.5043761117419017, 0.5000956314836296], "annapolis": [0.5063264571811116, 0.5003478877148759], "pittsburgh": [0.5046069447537316, 0.5000313975731825], "thousand_oaks": [0.5049786592539104, 0.5000801083154487]}