{"chattanooga": [0.5041393177496408, 0.500006491513168], "roseburg": [0.5061228533583347, 0.5001182375243008], "colorado_springs": [0.5091665920584093, 0.5001571544972894], "san_bernardino": [0.5096127390020323, 0.5000298030342112], "kalamazoo": [0.5067890747957545, 0.5007053793522543], "orlando": [0.5157515519974091, 0.5000082753946338], "dallas": [0.505698438138798, 0.5000069804062924], "baton_rouge": [0.5056872684577868, 0.500285451297197], "burlington": [0.5341054824695276, 0.5007941683369338], "fort_lauderdale": [0.5030457286326964, 0.5002748906443215], "fresno": [0.5239993953633971, 0.5006383549171483], "san_francisco": [0.5108544706078864, 0.5003654910669257], "vegas": [0.5047148784962172, 0.5000027867137439], "thornton": [0.5294030085988862, 0.5000638117083518], "sutherland_springs": [0.5063309568190599, 0.5000124531433526], "parkland": [0.5048194960805034, 0.5000109678567661], "nashville": [0.5136297603288353, 0.5004012807740703], "santa_fe": [0.5039672918662705, 0.5000643543184029], "annapolis": [0.5056985155110864, 0.5002769634881692], "pittsburgh": [0.503119873202671, 0.5001284371631223], "thousand_oaks": [0.5068873342935497, 0.5000452009090178]}

