{"annapolis": 18.57777777777778,
 "baton_rouge": 16.630555555555556,
 "burlington": 16.81388888888889,
 "chattanooga": 15.627777777777778,
 "colorado_springs": 15.991666666666667,
 "dallas": 16.602777777777778,
 "fort_lauderdale": 17.1,
 "fresno": 17.383333333333333,
 "kalamazoo": 16.22222222222222,
 "nashville": 18.394444444444446,
 "orlando": 16.533333333333335,
 "parkland": 18.205555555555556,
 "pittsburgh": 18.908333333333335,
 "roseburg": 15.83611111111111,
 "san_bernardino": 16.005555555555556,
 "san_francisco": 17.538888888888888,
 "santa_fe": 18.466666666666665,
 "sutherland_springs": 17.930555555555557,
 "thornton": 17.919444444444444,
 "thousand_oaks": 18.93611111111111,
 "vegas": 17.836111111111112}