{"chattanooga": [0.5290045963545378, 0.49994787596652424], "roseburg": [0.5204758118355823, 0.5004347401965047], "colorado_springs": [0.5316122285027298, 0.49975365883231687], "san_bernardino": [0.525932443926642, 0.49982878878532255], "kalamazoo": [0.5175901313326331, 0.49977321420572624], "orlando": [0.5401452084259968, 0.4999374635651412], "dallas": [0.5242436468566819, 0.5000183497282463], "baton_rouge": [0.5228793816721291, 0.499802286621817], "burlington": [0.543856691544349, 0.49844826706675477], "fort_lauderdale": [0.509145561943404, 0.5005570351611184], "fresno": [0.5342538948449883, 0.49986236292265784], "san_francisco": [0.5279249333486146, 0.49934826920145065], "vegas": [0.5335437149292948, 0.4999821039715344], "thornton": [0.534005671222588, 0.5001534964459603], "sutherland_springs": [0.5335112799530947, 0.4999634454822857], "parkland": [0.5302768885498559, 0.5000129929862223], "nashville": [0.5223955937268354, 0.5001042317201851], "santa_fe": [0.5225042729713743, 0.49996629913456303], "annapolis": [0.5216912265241671, 0.4996470661272663], "pittsburgh": [0.5461214157524645, 0.4997718582561603], "thousand_oaks": [0.5401086378267452, 0.4997321672871105]}