{"chattanooga": [0.5288412698020385, 0.5011019864020961], "roseburg": [0.5214235479716728, 0.5009188435284642], "colorado_springs": [0.5318776593700015, 0.49994467525382114], "san_bernardino": [0.5265449340780467, 0.49994479145002513], "kalamazoo": [0.5173273082915495, 0.4996525397978393], "orlando": [0.5393970983062848, 0.49998055876078584], "dallas": [0.5234671443830201, 0.49998236052517786], "baton_rouge": [0.5216681815768849, 0.5000619999735691], "burlington": [0.546722076519693, 0.4997257188237437], "fort_lauderdale": [0.5094068845066269, 0.5004340691813612], "fresno": [0.5334999709300579, 0.5009573770415561], "san_francisco": [0.5264916172770852, 0.5000656881835381], "vegas": [0.5345086941243271, 0.5000426429350089], "thornton": [0.5321903460366333, 0.4998034674144409], "sutherland_springs": [0.5326340852473339, 0.5000348671040298], "parkland": [0.5316992787444648, 0.5000280550124482], "nashville": [0.5220663061010129, 0.4998107304934425], "santa_fe": [0.5220004940470466, 0.4999353144938884], "annapolis": [0.5228215514732866, 0.4999626912017211], "pittsburgh": [0.5442076516262034, 0.49993784441057115], "thousand_oaks": [0.5412895346943193, 0.5000283848516628]}