{"chattanooga": [0.5288412698020385, 0.5001060790739575], "roseburg": [0.5214235479716728, 0.5003368388513978], "colorado_springs": [0.5318776593700016, 0.500328492453312], "san_bernardino": [0.5265449340780467, 0.5001023312491534], "kalamazoo": [0.5173273082915495, 0.49963358057815854], "orlando": [0.5393970983062848, 0.5000204519537955], "dallas": [0.5234671443830201, 0.5000456920190542], "baton_rouge": [0.5216681815768849, 0.5001094892524918], "burlington": [0.546722076519693, 0.4997369053991161], "fort_lauderdale": [0.5094068845066269, 0.4996268144023339], "fresno": [0.5334999709300579, 0.49999229343813867], "san_francisco": [0.5264916172770852, 0.4993075541861101], "vegas": [0.5345086941243271, 0.5000053381190608], "thornton": [0.5321903460366333, 0.5006643679419625], "sutherland_springs": [0.5326340852473339, 0.49997116138081993], "parkland": [0.5316992787444648, 0.5000678695476348], "nashville": [0.5220663061010129, 0.5000351013550559], "santa_fe": [0.5220004940470466, 0.49991195493100804], "annapolis": [0.5228215514732866, 0.5001576965983874], "pittsburgh": [0.5442076516262035, 0.5000645360013135], "thousand_oaks": [0.5412895346943193, 0.5000834463849345]}