{"chattanooga": [0.5288353987051009, 0.500043269595924], "roseburg": [0.5214505380250014, 0.5005280352765172], "colorado_springs": [0.5318902735085551, 0.5001244223867527], "san_bernardino": [0.5265320889600826, 0.5000520220033513], "kalamazoo": [0.5173562134245582, 0.4990513012768303], "orlando": [0.539397523094937, 0.49999180433609136], "dallas": [0.5234517125837376, 0.5000271654198862], "baton_rouge": [0.5216600448564377, 0.5000743549849802], "burlington": [0.5467570336549408, 0.5005488775543585], "fort_lauderdale": [0.5093939298125669, 0.5001694817191606], "fresno": [0.533533124905423, 0.49950797981935013], "san_francisco": [0.5265159483336261, 0.49997309379894117], "vegas": [0.534493581487774, 0.4999908929764195], "thornton": [0.5322255932286124, 0.4999276417608945], "sutherland_springs": [0.5326449188740854, 0.4999831088938251], "parkland": [0.531645363513727, 0.5000538685175488], "nashville": [0.5220759841570677, 0.5002119793616254], "santa_fe": [0.5220032201892054, 0.4999680602581917], "annapolis": [0.522795830865716, 0.5004296723064265], "pittsburgh": [0.5441969026202959, 0.5001791521666547], "thousand_oaks": [0.5412405760008343, 0.49999216727044427]}