{"chattanooga": [0.5288412698020385, 0.5005473025713372], "roseburg": [0.5214235479716728, 0.5001834076392387], "colorado_springs": [0.5318776593700015, 0.5000833627958093], "san_bernardino": [0.5267210005032517, 0.5000837868287026], "kalamazoo": [0.5173273082915495, 0.5006157254047804], "orlando": [0.5435083961312521, 0.4999823226046315], "dallas": [0.5234671443830201, 0.500111841416581], "baton_rouge": [0.5216681815768849, 0.5001435857035723], "burlington": [0.5467220765196931, 0.4993768800369539], "fort_lauderdale": [0.5094068845066269, 0.5007006145976813], "fresno": [0.5334999709300579, 0.4996085819999383], "san_francisco": [0.5264916172770852, 0.49950174519324686], "vegas": [0.5345086941243271, 0.5000552538878043], "thornton": [0.5321903460366333, 0.49959941188970064], "sutherland_springs": [0.5326340852473339, 0.5001297186532938], "parkland": [0.5316992787444648, 0.5000021963028495], "nashville": [0.5220663061010129, 0.4999089257753098], "santa_fe": [0.5220004940470466, 0.5000320653977135], "annapolis": [0.5228215514732866, 0.5002851796954417], "pittsburgh": [0.5442076516262034, 0.4999525013864966], "thousand_oaks": [0.5412895346943193, 0.5001510871269013]}